"hashtag_s","timeModified_itemId_s","itemType_s"
"aaa","Fri Aug 25 04:54:06 GMT+00:00 2017_814f512a-847b-4d6d-9832-31f38482e5ea","review"
"aaa","Fri Aug 25 05:02:45 GMT+00:00 2017_a89b66b0-fbd2-476d-9b56-89979decf0e3","review"
"asd","Fri Aug 25 05:02:45 GMT+00:00 2017_a89b66b0-fbd2-476d-9b56-89979decf0e3","review"
"awesome","Thu Apr 05 11:31:08 PDT 2018_3c9da1ce-24ac-4d51-8246-359fb8ebf2ed","post"
"bigbrain","Sun Dec 03 16:15:30 PST 2017_77c2dfc2-fa9a-422b-9915-77f0daf816ef","post"
"box","Wed Aug 30 23:08:30 PDT 2017_836855a6-eff3-4d25-a1e4-6f2224cfe60f","review"
"box","Wed Aug 30 23:09:53 PDT 2017_ad9eaefb-366c-4da8-bb71-41028fe992f0","post"
"cool","Wed Aug 30 12:54:35 PDT 2017_28fb24b1-f2b4-41bf-b5cb-76d9b5a54932","post"
"deyage","Sat Dec 16 13:57:10 PST 2017_b4b6a435-5907-424f-bcec-2d6c1ad1ad8c","review"
"haha","Tue Aug 29 23:59:01 GMT+00:00 2017_637e4168-f634-46fd-a4fa-da7d2422d65c","post"
"hashtag","Fri Aug 25 04:54:06 GMT+00:00 2017_814f512a-847b-4d6d-9832-31f38482e5ea","review"
"hashtag","Tue Aug 29 23:59:01 GMT+00:00 2017_637e4168-f634-46fd-a4fa-da7d2422d65c","post"
"lol","Sun Dec 03 16:21:32 PST 2017_b0e5c36e-001b-4273-bac8-f80cbcabbe1e","post"
"lol","Wed Aug 30 20:22:54 GMT+00:00 2017_3232d3ff-051b-440a-bfdb-43e7a10b11d1","review"
"lols","Tue Aug 29 23:54:36 GMT+00:00 2017_2d2984bb-9f93-47f6-b7ad-8d1869b93534","review"
"lols","Tue Aug 29 23:59:01 GMT+00:00 2017_637e4168-f634-46fd-a4fa-da7d2422d65c","post"
"neutrogena","Mon Dec 11 11:01:28 PST 2017_7e10b420-5f6a-4bef-904d-e44a6bef93fa","post"
"noway1","Fri Aug 25 04:54:06 GMT+00:00 2017_814f512a-847b-4d6d-9832-31f38482e5ea","review"
"noway1","Fri Aug 25 05:02:45 GMT+00:00 2017_a89b66b0-fbd2-476d-9b56-89979decf0e3","review"
"painful","Mon Sep 11 18:40:01 PDT 2017_b78b6f73-92d4-40de-a25d-9f989683f162","review"
"papercutssuck","Mon Sep 11 18:52:52 PDT 2017_6a60ef72-0a25-4e48-bff9-1ad22d682d90","post"
"picturesarecool","Sat Dec 16 14:49:16 PST 2017_5a053ca8-71fd-4957-81c1-4d41179258b3","post"
"picturesarecool","Sat Dec 16 15:49:02 PST 2017_08e3e312-c5e3-4af5-be54-1498f17419d4","post"
"please","Tue Aug 29 23:59:01 GMT+00:00 2017_637e4168-f634-46fd-a4fa-da7d2422d65c","post"
"plswork","Fri Aug 25 04:54:06 GMT+00:00 2017_814f512a-847b-4d6d-9832-31f38482e5ea","review"
"qwe","Tue Aug 29 23:54:36 GMT+00:00 2017_2d2984bb-9f93-47f6-b7ad-8d1869b93534","review"
"red","Wed Aug 30 23:08:30 PDT 2017_836855a6-eff3-4d25-a1e4-6f2224cfe60f","review"
"red","Wed Aug 30 23:09:53 PDT 2017_ad9eaefb-366c-4da8-bb71-41028fe992f0","post"
"redbox","Wed Aug 30 23:08:30 PDT 2017_836855a6-eff3-4d25-a1e4-6f2224cfe60f","review"
"redbox","Wed Aug 30 23:09:53 PDT 2017_ad9eaefb-366c-4da8-bb71-41028fe992f0","post"
"sdfas","Thu Apr 12 11:28:01 PDT 2018_77735326-5d53-4e70-a975-9adb8f7a2a9a","post"
"smallbrained","Sun Dec 03 16:22:34 PST 2017_4aab3e91-a907-4c04-8864-e2828dd26e17","post"
"test","Fri Aug 25 04:54:06 GMT+00:00 2017_814f512a-847b-4d6d-9832-31f38482e5ea","review"
"testing","Wed Oct 18 20:52:40 PDT 2017_97118504-781f-4168-b694-e76b3334eddf","post"
"works","Tue Aug 29 23:54:36 GMT+00:00 2017_2d2984bb-9f93-47f6-b7ad-8d1869b93534","review"
"yeah","Fri Nov 24 12:20:15 PST 2017_edf8a89c-2a51-475a-8787-8110e50e3eaf","post"
